customer_id,name,age,gender,city,income,spending_score,tenure,monthly_visits,favorite_product,favorite_category,purchase_frequency,churn
1,Customer_1,33,Female,New York,76217,16,7,1,Watch,Fashion,19,1
2,Customer_2,51,Female,Dallas,140061,68,9,19,Phone,Electronics,16,0
3,Customer_3,44,Male,Houston,133615,38,1,28,Headphones,Sports,14,0
4,Customer_4,60,Male,Chicago,142519,31,2,15,Headphones,Electronics,12,0
5,Customer_5,57,Female,New York,40051,7,7,10,Watch,Fashion,13,0
6,Customer_6,48,Female,Chicago,138593,44,6,23,Headphones,Sports,1,0
7,Customer_7,26,Male,Chicago,117087,33,6,15,Headphones,Sports,5,0
8,Customer_8,54,Female,Houston,59403,88,7,18,Laptop,Sports,17,0
9,Customer_9,41,Male,Dallas,129179,14,8,9,Headphones,Electronics,7,0
10,Customer_10,18,Male,Chicago,128767,90,5,18,Laptop,Electronics,6,0
11,Customer_11,33,Male,Dallas,58044,39,3,5,Shoes,Fashion,19,0
12,Customer_12,62,Male,Houston,45356,25,2,6,Phone,Fashion,11,0
13,Customer_13,63,Male,Los Angeles,46082,25,1,3,Phone,Fashion,18,1
14,Customer_14,49,Female,Houston,123556,20,8,11,Watch,Fashion,9,0
15,Customer_15,39,Female,New York,120853,10,7,3,Laptop,Fashion,5,1
16,Customer_16,31,Male,Houston,81715,41,5,20,Phone,Electronics,3,0
17,Customer_17,56,Female,Los Angeles,129336,44,3,5,Shoes,Fashion,15,0
18,Customer_18,31,Male,Houston,33022,42,7,26,Laptop,Sports,7,0
19,Customer_19,38,Female,New York,72961,21,1,23,Headphones,Electronics,8,0
20,Customer_20,46,Male,Los Angeles,56603,85,6,28,Headphones,Fashion,7,0
21,Customer_21,24,Male,Dallas,28325,32,1,7,Watch,Fashion,13,0
22,Customer_22,44,Male,Chicago,116642,32,1,1,Headphones,Fashion,12,0
23,Customer_23,28,Female,Chicago,127816,77,5,13,Watch,Fashion,3,0
24,Customer_24,55,Female,Dallas,87854,52,2,14,Laptop,Electronics,18,0
25,Customer_25,39,Male,New York,120884,2,4,9,Phone,Electronics,5,0
26,Customer_26,43,Male,New York,88135,8,2,15,Laptop,Sports,13,0
27,Customer_27,43,Female,Chicago,30124,82,4,6,Shoes,Fashion,7,0
28,Customer_28,47,Male,Chicago,38523,35,8,3,Shoes,Fashion,13,0
29,Customer_29,63,Male,Houston,125931,70,8,20,Phone,Fashion,11,0
30,Customer_30,48,Male,New York,111877,97,1,22,Headphones,Sports,19,0
31,Customer_31,47,Female,Los Angeles,92918,28,4,10,Laptop,Fashion,12,0
32,Customer_32,59,Male,Chicago,75919,61,7,8,Watch,Sports,14,0
33,Customer_33,23,Female,Houston,73265,89,8,25,Watch,Sports,1,0
34,Customer_34,22,Male,Houston,147219,11,4,21,Watch,Fashion,2,0
35,Customer_35,35,Male,Houston,66216,18,5,15,Laptop,Fashion,9,0
36,Customer_36,41,Female,Houston,84427,88,1,16,Phone,Fashion,10,0
37,Customer_37,30,Female,Dallas,50138,34,3,6,Watch,Fashion,7,0
38,Customer_38,54,Male,Chicago,84908,53,4,25,Phone,Electronics,11,0
39,Customer_39,46,Male,Houston,125071,97,1,2,Laptop,Sports,1,0
40,Customer_40,58,Male,Houston,67132,44,1,8,Laptop,Fashion,9,0
41,Customer_41,53,Male,Chicago,60758,71,2,29,Headphones,Sports,2,0
42,Customer_42,33,Male,New York,34962,86,2,1,Laptop,Electronics,2,0
43,Customer_43,37,Male,New York,75653,93,5,1,Shoes,Sports,18,0
44,Customer_44,60,Female,Houston,31499,80,6,16,Watch,Electronics,7,0
45,Customer_45,20,Female,Chicago,45036,75,2,19,Phone,Electronics,12,0
46,Customer_46,25,Female,Chicago,119442,58,9,17,Shoes,Electronics,9,0
47,Customer_47,24,Female,Houston,61936,76,1,17,Headphones,Electronics,19,0
48,Customer_48,32,Male,New York,25124,26,4,12,Headphones,Fashion,17,0
49,Customer_49,19,Male,Chicago,75331,49,7,29,Headphones,Sports,12,0
50,Customer_50,56,Female,New York,52340,1,1,25,Headphones,Fashion,11,0
51,Customer_51,21,Male,New York,70749,71,6,29,Headphones,Electronics,18,0
52,Customer_52,35,Female,New York,113417,95,9,29,Laptop,Electronics,8,0
53,Customer_53,59,Female,New York,141638,85,9,5,Watch,Fashion,6,0
54,Customer_54,48,Male,Houston,110924,33,7,3,Phone,Fashion,3,0
55,Customer_55,18,Female,Houston,61293,6,5,12,Watch,Electronics,19,0
56,Customer_56,38,Male,Chicago,114409,85,3,23,Watch,Sports,4,0
57,Customer_57,45,Male,Los Angeles,118693,64,2,7,Shoes,Electronics,19,0
58,Customer_58,54,Male,Dallas,78705,68,6,5,Headphones,Electronics,6,0
59,Customer_59,39,Male,Houston,141465,76,9,19,Phone,Sports,8,0
60,Customer_60,38,Female,Los Angeles,148125,6,4,22,Laptop,Fashion,18,0
61,Customer_61,60,Female,Dallas,143193,88,4,11,Phone,Fashion,14,0
62,Customer_62,62,Male,Houston,22242,25,2,16,Shoes,Fashion,11,0
63,Customer_63,48,Female,Dallas,63125,17,8,14,Laptop,Sports,13,0
64,Customer_64,25,Female,Houston,32423,56,8,8,Laptop,Sports,5,0
65,Customer_65,49,Female,Chicago,71806,18,8,3,Watch,Sports,15,1
66,Customer_66,28,Male,Los Angeles,77183,37,6,15,Watch,Sports,4,0
67,Customer_67,44,Female,Chicago,107320,15,5,23,Laptop,Fashion,13,0
68,Customer_68,48,Female,Los Angeles,148093,71,3,16,Headphones,Sports,8,0
69,Customer_69,62,Female,New York,46068,95,6,15,Headphones,Sports,14,0
70,Customer_70,42,Female,Houston,115239,6,5,22,Shoes,Sports,2,0
71,Customer_71,36,Male,New York,148156,60,1,12,Phone,Fashion,13,0
72,Customer_72,24,Female,Los Angeles,68115,80,8,11,Watch,Electronics,1,0
73,Customer_73,63,Male,Chicago,119997,40,9,14,Laptop,Fashion,16,0
74,Customer_74,59,Male,Chicago,32035,20,4,12,Shoes,Electronics,11,0
75,Customer_75,46,Male,Los Angeles,27289,15,8,5,Headphones,Fashion,19,0
76,Customer_76,18,Female,Los Angeles,57523,53,3,19,Phone,Fashion,3,0
77,Customer_77,22,Female,New York,74141,91,1,16,Laptop,Electronics,5,0
78,Customer_78,36,Female,Chicago,118783,27,8,6,Watch,Electronics,10,0
79,Customer_79,40,Female,Dallas,74969,83,1,3,Phone,Fashion,9,0
80,Customer_80,62,Female,Dallas,145259,52,7,15,Laptop,Sports,9,0
81,Customer_81,38,Female,New York,90370,98,4,28,Watch,Fashion,15,0
82,Customer_82,46,Female,Chicago,54761,65,4,1,Laptop,Fashion,16,0
83,Customer_83,31,Male,Los Angeles,84045,62,6,20,Headphones,Sports,9,0
84,Customer_84,23,Female,Chicago,98655,46,7,28,Headphones,Sports,13,0
85,Customer_85,18,Female,New York,88774,76,5,9,Watch,Fashion,10,0
86,Customer_86,44,Female,Chicago,140543,10,5,13,Shoes,Electronics,11,0
87,Customer_87,59,Female,Chicago,61776,68,6,28,Phone,Electronics,1,0
88,Customer_88,47,Male,Chicago,55814,38,2,13,Headphones,Electronics,12,0
89,Customer_89,21,Male,New York,61364,17,5,22,Laptop,Fashion,14,0
90,Customer_90,63,Female,Los Angeles,134086,91,3,1,Shoes,Electronics,16,0
91,Customer_91,24,Male,Dallas,122582,35,9,27,Phone,Electronics,15,0
92,Customer_92,30,Female,New York,85798,66,6,14,Shoes,Fashion,3,0
93,Customer_93,62,Male,Houston,67381,28,5,29,Watch,Electronics,13,0
94,Customer_94,21,Female,Los Angeles,138539,14,9,20,Phone,Fashion,8,0
95,Customer_95,49,Female,Los Angeles,117249,69,7,14,Watch,Fashion,8,0
96,Customer_96,44,Female,Los Angeles,40771,6,6,15,Shoes,Electronics,18,0
97,Customer_97,24,Male,Los Angeles,43061,13,4,6,Shoes,Fashion,3,0
98,Customer_98,51,Male,Houston,105242,48,1,28,Laptop,Electronics,12,0
99,Customer_99,24,Female,Houston,53252,86,3,19,Shoes,Fashion,8,0
100,Customer_100,21,Female,Dallas,103876,93,1,16,Shoes,Fashion,1,0
101,Customer_101,29,Female,Los Angeles,123229,94,9,14,Shoes,Sports,12,0
102,Customer_102,58,Male,Chicago,60087,44,6,16,Headphones,Fashion,4,0
103,Customer_103,42,Female,Dallas,79275,28,5,28,Watch,Fashion,5,0
104,Customer_104,40,Male,Chicago,149964,61,8,13,Phone,Sports,2,0
105,Customer_105,64,Male,Chicago,134065,29,3,10,Shoes,Fashion,11,0
106,Customer_106,24,Male,New York,58434,61,9,28,Laptop,Fashion,13,0
107,Customer_107,43,Male,New York,89743,12,4,5,Watch,Electronics,19,0
108,Customer_108,43,Female,Los Angeles,100254,53,7,18,Watch,Sports,18,0
109,Customer_109,29,Male,New York,131967,2,3,9,Watch,Fashion,13,0
110,Customer_110,39,Male,Los Angeles,70871,57,4,20,Shoes,Sports,15,0
111,Customer_111,27,Female,Dallas,146195,79,4,17,Phone,Sports,6,0
112,Customer_112,23,Female,Houston,94842,53,7,6,Laptop,Sports,14,0
113,Customer_113,52,Female,Houston,138261,11,9,9,Laptop,Fashion,13,0
114,Customer_114,55,Male,New York,86246,44,2,27,Headphones,Sports,15,0
115,Customer_115,32,Female,Houston,137141,55,8,26,Watch,Electronics,15,0
116,Customer_116,25,Female,Houston,44533,94,2,22,Phone,Sports,10,0
117,Customer_117,49,Male,Houston,52478,86,6,10,Headphones,Fashion,13,0
118,Customer_118,53,Male,New York,102307,18,5,17,Shoes,Electronics,1,0
119,Customer_119,47,Male,Chicago,84422,4,2,3,Headphones,Electronics,2,1
120,Customer_120,22,Female,New York,133868,23,5,9,Laptop,Electronics,1,0
121,Customer_121,52,Female,Los Angeles,139115,93,8,2,Phone,Electronics,18,0
122,Customer_122,45,Female,Los Angeles,97162,86,7,9,Laptop,Sports,15,0
123,Customer_123,59,Female,New York,37364,19,8,11,Laptop,Fashion,15,0
124,Customer_124,61,Female,New York,127474,48,7,20,Headphones,Fashion,7,0
125,Customer_125,20,Male,Chicago,149245,1,9,8,Headphones,Electronics,19,0
126,Customer_126,41,Female,Dallas,65206,8,6,18,Shoes,Electronics,7,0
127,Customer_127,35,Female,New York,64541,68,1,3,Shoes,Fashion,13,0
128,Customer_128,20,Female,New York,87575,85,4,17,Watch,Fashion,9,0
129,Customer_129,50,Female,Los Angeles,132186,53,2,21,Watch,Fashion,16,0
130,Customer_130,42,Male,New York,101213,62,7,13,Phone,Electronics,13,0
131,Customer_131,55,Male,Chicago,55653,35,6,14,Laptop,Sports,12,0
132,Customer_132,25,Female,Chicago,42081,72,8,21,Headphones,Sports,18,0
133,Customer_133,25,Female,Dallas,139022,46,4,10,Watch,Sports,5,0
134,Customer_134,39,Female,Dallas,57481,98,5,8,Watch,Electronics,4,0
135,Customer_135,32,Female,Los Angeles,85107,39,7,18,Laptop,Fashion,7,0
136,Customer_136,35,Male,New York,107281,25,5,28,Phone,Electronics,13,0
137,Customer_137,55,Female,Dallas,97027,83,5,18,Phone,Fashion,19,0
138,Customer_138,46,Female,Houston,70909,85,5,1,Phone,Electronics,6,0
139,Customer_139,42,Female,Dallas,84091,77,2,16,Phone,Sports,7,0
140,Customer_140,18,Female,Los Angeles,22086,7,1,24,Shoes,Electronics,13,0
141,Customer_141,56,Female,Dallas,111343,76,4,6,Headphones,Sports,4,0
142,Customer_142,26,Male,New York,20436,76,1,7,Laptop,Electronics,12,0
143,Customer_143,50,Female,New York,22696,21,9,10,Watch,Sports,8,0
144,Customer_144,24,Male,Chicago,78145,67,5,12,Shoes,Electronics,19,0
145,Customer_145,62,Male,New York,52686,60,6,10,Watch,Electronics,1,0
146,Customer_146,20,Male,New York,50019,51,3,6,Laptop,Sports,11,0
147,Customer_147,50,Male,New York,46804,96,7,27,Laptop,Electronics,8,0
148,Customer_148,52,Male,Dallas,82777,25,8,25,Watch,Fashion,1,0
149,Customer_149,53,Male,Los Angeles,149618,37,3,22,Laptop,Sports,6,0
150,Customer_150,38,Male,Dallas,31582,74,4,2,Headphones,Fashion,16,0
151,Customer_151,64,Male,Houston,91978,83,1,27,Headphones,Fashion,2,0
152,Customer_152,39,Male,Houston,20245,16,1,9,Laptop,Electronics,14,0
153,Customer_153,25,Female,Dallas,36678,58,1,13,Phone,Fashion,1,0
154,Customer_154,18,Male,Chicago,78559,75,1,16,Shoes,Sports,14,0
155,Customer_155,19,Male,Dallas,98917,45,5,26,Laptop,Fashion,17,0
156,Customer_156,18,Male,Los Angeles,87338,49,7,28,Laptop,Fashion,1,0
157,Customer_157,44,Female,Los Angeles,149735,23,5,27,Laptop,Electronics,10,0
158,Customer_158,22,Male,Los Angeles,124041,96,3,18,Laptop,Electronics,11,0
159,Customer_159,38,Male,New York,79142,18,6,26,Headphones,Electronics,13,0
160,Customer_160,45,Female,Dallas,39455,78,4,10,Headphones,Electronics,8,0
161,Customer_161,45,Female,Chicago,100816,90,8,7,Shoes,Electronics,18,0
162,Customer_162,46,Female,New York,49615,67,3,19,Shoes,Sports,15,0
163,Customer_163,36,Female,Los Angeles,75564,9,9,19,Shoes,Sports,3,0
164,Customer_164,46,Male,Houston,84849,2,5,16,Phone,Fashion,12,0
165,Customer_165,52,Male,New York,33898,52,1,19,Shoes,Electronics,13,0
166,Customer_166,60,Female,Dallas,129919,29,3,27,Watch,Electronics,3,0
167,Customer_167,32,Female,Los Angeles,96009,18,9,16,Laptop,Fashion,11,0
168,Customer_168,43,Female,Los Angeles,104024,18,8,14,Headphones,Sports,3,0
169,Customer_169,51,Male,Chicago,141322,88,3,24,Shoes,Sports,14,0
170,Customer_170,23,Female,Dallas,83712,42,2,19,Phone,Sports,6,0
171,Customer_171,57,Male,New York,141204,34,3,17,Phone,Fashion,7,0
172,Customer_172,41,Male,Houston,51476,29,6,13,Watch,Electronics,16,0
173,Customer_173,18,Female,Chicago,86191,19,1,27,Headphones,Fashion,10,0
174,Customer_174,45,Male,Chicago,49672,80,5,14,Phone,Fashion,6,0
175,Customer_175,35,Male,New York,23734,31,2,11,Shoes,Fashion,18,0
176,Customer_176,40,Male,Los Angeles,109865,36,3,25,Phone,Fashion,2,0
177,Customer_177,45,Male,Los Angeles,102937,77,6,10,Phone,Electronics,3,0
178,Customer_178,53,Male,Chicago,145092,51,6,26,Laptop,Electronics,19,0
179,Customer_179,49,Female,Houston,79327,22,7,13,Phone,Sports,16,0
180,Customer_180,40,Female,Los Angeles,128970,29,5,1,Shoes,Sports,17,1
181,Customer_181,19,Male,Houston,94307,13,1,12,Phone,Electronics,19,0
182,Customer_182,61,Male,Los Angeles,25946,29,8,22,Phone,Fashion,13,0
183,Customer_183,29,Female,Chicago,95423,44,3,23,Phone,Fashion,8,0
184,Customer_184,46,Female,Houston,65505,55,2,5,Laptop,Sports,1,0
185,Customer_185,24,Male,Chicago,113129,38,7,28,Phone,Electronics,11,0
186,Customer_186,29,Female,Los Angeles,149743,47,1,13,Laptop,Sports,18,0
187,Customer_187,39,Male,Dallas,56944,22,1,11,Watch,Sports,1,0
188,Customer_188,63,Male,Houston,40871,53,1,3,Shoes,Sports,15,0
189,Customer_189,63,Male,Chicago,95600,9,5,21,Laptop,Sports,17,0
190,Customer_190,39,Female,Houston,130495,86,1,16,Phone,Electronics,3,0
191,Customer_191,64,Female,Chicago,57194,50,4,27,Headphones,Fashion,15,0
192,Customer_192,46,Male,Dallas,116398,65,3,7,Watch,Sports,16,0
193,Customer_193,41,Female,Dallas,64054,16,5,27,Phone,Sports,5,0
194,Customer_194,52,Male,Houston,93719,77,6,3,Shoes,Sports,13,0
195,Customer_195,30,Male,Chicago,39610,66,5,29,Shoes,Electronics,19,0
196,Customer_196,38,Female,Chicago,131417,85,2,11,Headphones,Fashion,2,0
197,Customer_197,39,Female,Houston,133250,46,9,29,Shoes,Sports,19,0
198,Customer_198,57,Male,Chicago,47419,81,2,18,Shoes,Sports,9,0
199,Customer_199,56,Female,Chicago,32556,96,1,29,Laptop,Sports,13,0
200,Customer_200,27,Female,Los Angeles,64617,88,2,3,Headphones,Sports,2,0
201,Customer_201,46,Male,Chicago,76261,79,1,1,Laptop,Sports,18,0
202,Customer_202,19,Male,Chicago,48897,32,3,20,Headphones,Electronics,17,0
203,Customer_203,50,Female,Dallas,60718,77,6,11,Laptop,Sports,7,0
204,Customer_204,62,Female,Houston,137695,24,8,16,Headphones,Electronics,8,0
205,Customer_205,29,Male,New York,60104,33,8,20,Shoes,Electronics,15,0
206,Customer_206,50,Female,Los Angeles,48166,49,6,6,Headphones,Fashion,10,0
207,Customer_207,53,Male,Dallas,92716,41,1,14,Shoes,Fashion,8,0
208,Customer_208,40,Female,Los Angeles,82586,1,5,7,Phone,Sports,6,0
209,Customer_209,24,Male,Los Angeles,71665,19,2,27,Phone,Electronics,4,0
210,Customer_210,45,Male,Houston,93016,6,7,3,Headphones,Fashion,15,1
211,Customer_211,50,Male,New York,28886,65,1,9,Shoes,Electronics,11,0
212,Customer_212,40,Male,New York,82614,11,5,2,Laptop,Sports,19,1
213,Customer_213,62,Female,Houston,118246,3,6,5,Laptop,Fashion,11,0
214,Customer_214,56,Female,New York,87710,90,1,4,Shoes,Sports,10,0
215,Customer_215,20,Female,Los Angeles,142438,38,8,15,Laptop,Electronics,8,0
216,Customer_216,21,Female,Chicago,60719,55,8,13,Watch,Fashion,9,0
217,Customer_217,30,Female,Chicago,41153,92,4,9,Watch,Fashion,3,0
218,Customer_218,31,Male,Dallas,120154,26,6,18,Headphones,Electronics,9,0
219,Customer_219,46,Female,Houston,52534,82,7,17,Shoes,Sports,1,0
220,Customer_220,45,Male,Dallas,139081,87,2,6,Shoes,Electronics,7,0
221,Customer_221,30,Female,New York,105685,68,1,25,Shoes,Sports,2,0
222,Customer_222,35,Female,Dallas,29876,75,6,23,Phone,Fashion,4,0
223,Customer_223,22,Female,Houston,26865,86,3,8,Phone,Sports,4,0
224,Customer_224,57,Male,Dallas,54463,59,7,12,Headphones,Fashion,3,0
225,Customer_225,63,Female,Los Angeles,76401,88,1,8,Watch,Fashion,9,0
226,Customer_226,20,Male,New York,85947,24,8,13,Watch,Electronics,12,0
227,Customer_227,42,Male,Dallas,120381,7,3,16,Watch,Fashion,5,0
228,Customer_228,32,Male,Los Angeles,128138,69,5,16,Shoes,Sports,18,0
229,Customer_229,41,Female,Dallas,60190,88,9,28,Phone,Electronics,12,0
230,Customer_230,29,Female,New York,41891,23,7,21,Watch,Electronics,11,0
231,Customer_231,25,Male,Chicago,58193,45,9,23,Watch,Fashion,5,0
232,Customer_232,55,Male,Houston,81444,3,3,1,Headphones,Sports,18,1
233,Customer_233,40,Male,Dallas,46011,16,8,16,Watch,Sports,10,0
234,Customer_234,60,Male,Los Angeles,145007,86,1,6,Phone,Electronics,1,0
235,Customer_235,33,Female,Houston,63717,64,8,7,Laptop,Sports,11,0
236,Customer_236,59,Male,Chicago,103230,13,9,26,Watch,Fashion,11,0
237,Customer_237,45,Female,New York,23260,16,2,5,Shoes,Fashion,2,0
238,Customer_238,25,Male,Dallas,127029,55,8,19,Headphones,Electronics,14,0
239,Customer_239,20,Female,Dallas,122630,57,7,9,Headphones,Sports,16,0
240,Customer_240,54,Male,Los Angeles,63389,28,1,22,Laptop,Sports,7,0
241,Customer_241,18,Female,Houston,39730,26,1,16,Laptop,Electronics,3,0
242,Customer_242,46,Male,Los Angeles,90607,21,2,17,Laptop,Fashion,7,0
243,Customer_243,64,Female,New York,57972,60,5,8,Headphones,Electronics,11,0
244,Customer_244,27,Female,Chicago,109990,81,4,28,Headphones,Sports,4,0
245,Customer_245,57,Male,Houston,105821,50,2,24,Headphones,Electronics,15,0
246,Customer_246,37,Male,Houston,138736,13,5,20,Watch,Electronics,12,0
247,Customer_247,43,Male,Chicago,37157,2,6,11,Watch,Fashion,17,0
248,Customer_248,58,Female,Houston,145712,18,2,1,Watch,Electronics,6,1
249,Customer_249,34,Female,Dallas,47396,29,2,6,Watch,Sports,9,0
250,Customer_250,32,Female,Houston,41425,63,4,8,Phone,Electronics,4,0
251,Customer_251,29,Female,Los Angeles,79230,84,2,20,Headphones,Electronics,1,0
252,Customer_252,24,Female,Los Angeles,145214,12,5,27,Watch,Sports,14,0
253,Customer_253,35,Male,New York,129864,87,3,12,Phone,Electronics,16,0
254,Customer_254,35,Female,Dallas,104225,35,7,14,Headphones,Fashion,13,0
255,Customer_255,62,Female,New York,122048,43,4,13,Shoes,Sports,16,0
256,Customer_256,59,Male,Los Angeles,132229,81,8,1,Laptop,Fashion,18,0
257,Customer_257,58,Male,Dallas,30997,69,1,2,Laptop,Fashion,1,0
258,Customer_258,58,Female,Chicago,86606,9,3,19,Headphones,Electronics,13,0
259,Customer_259,48,Male,Los Angeles,105125,29,7,15,Headphones,Electronics,9,0
260,Customer_260,43,Female,Los Angeles,139884,41,5,22,Phone,Electronics,16,0
261,Customer_261,54,Female,Dallas,116718,61,1,19,Shoes,Fashion,15,0
262,Customer_262,58,Male,New York,29727,46,8,12,Laptop,Electronics,10,0
263,Customer_263,21,Male,Dallas,57235,53,1,16,Laptop,Fashion,4,0
264,Customer_264,35,Male,Chicago,89876,16,5,26,Watch,Fashion,13,0
265,Customer_265,21,Male,Los Angeles,35811,48,1,10,Headphones,Sports,18,0
266,Customer_266,32,Female,Dallas,142255,32,2,27,Watch,Electronics,7,0
267,Customer_267,36,Male,Houston,69126,12,9,16,Laptop,Sports,12,0
268,Customer_268,41,Male,Chicago,137961,44,2,7,Watch,Fashion,17,0
269,Customer_269,43,Female,Dallas,67341,82,9,29,Headphones,Sports,7,0
270,Customer_270,30,Female,New York,44093,34,9,12,Watch,Electronics,13,0
271,Customer_271,32,Female,Los Angeles,60448,99,4,4,Watch,Electronics,5,0
272,Customer_272,26,Male,New York,115127,45,9,7,Phone,Electronics,1,0
273,Customer_273,60,Male,Los Angeles,52057,12,5,7,Watch,Sports,11,0
274,Customer_274,18,Female,Chicago,76805,51,5,8,Headphones,Sports,5,0
275,Customer_275,62,Male,Houston,29355,14,6,10,Watch,Sports,6,0
276,Customer_276,31,Female,Houston,28362,89,5,9,Headphones,Sports,5,0
277,Customer_277,25,Female,New York,25378,93,3,25,Laptop,Sports,1,0
278,Customer_278,52,Female,Los Angeles,91659,95,9,3,Headphones,Fashion,12,0
279,Customer_279,21,Male,Chicago,116186,42,3,8,Shoes,Sports,7,0
280,Customer_280,55,Female,Houston,97537,97,7,4,Watch,Sports,10,0
281,Customer_281,19,Male,Chicago,52833,95,5,14,Watch,Electronics,9,0
282,Customer_282,21,Male,Chicago,127258,58,7,2,Headphones,Electronics,8,0
283,Customer_283,51,Male,New York,80944,88,5,29,Laptop,Electronics,2,0
284,Customer_284,21,Female,New York,35952,94,7,8,Phone,Sports,15,0
285,Customer_285,54,Female,Chicago,98368,86,8,27,Watch,Sports,15,0
286,Customer_286,20,Female,Chicago,33663,74,2,28,Phone,Sports,5,0
287,Customer_287,60,Male,Houston,21205,12,4,4,Laptop,Sports,4,1
288,Customer_288,38,Male,New York,31522,10,1,25,Shoes,Sports,12,0
289,Customer_289,34,Female,Dallas,83191,21,2,29,Headphones,Electronics,7,0
290,Customer_290,47,Male,Dallas,20550,28,8,6,Phone,Fashion,12,0
291,Customer_291,62,Female,Los Angeles,65830,61,2,16,Watch,Electronics,9,0
292,Customer_292,53,Male,Houston,145755,93,5,5,Watch,Fashion,11,0
293,Customer_293,35,Male,Houston,114550,81,8,19,Headphones,Sports,4,0
294,Customer_294,21,Male,Chicago,53105,46,1,25,Phone,Electronics,5,0
295,Customer_295,30,Male,Los Angeles,21705,10,7,17,Laptop,Fashion,10,0
296,Customer_296,18,Female,New York,63083,27,4,25,Headphones,Fashion,8,0
297,Customer_297,21,Male,Los Angeles,125539,33,1,11,Headphones,Electronics,17,0
298,Customer_298,27,Male,Chicago,70601,32,1,23,Watch,Electronics,12,0
299,Customer_299,29,Female,Chicago,98003,35,9,12,Laptop,Electronics,6,0
300,Customer_300,31,Male,Chicago,25355,61,8,13,Watch,Sports,3,0
301,Customer_301,44,Female,Los Angeles,67745,52,4,20,Shoes,Electronics,9,0
302,Customer_302,59,Male,Houston,109169,33,6,18,Watch,Sports,4,0
303,Customer_303,32,Male,Houston,143962,56,2,20,Headphones,Sports,18,0
304,Customer_304,33,Female,Los Angeles,114247,40,5,14,Phone,Fashion,12,0
305,Customer_305,50,Female,Houston,41933,51,8,2,Headphones,Sports,9,0
306,Customer_306,25,Female,Dallas,130130,88,6,2,Laptop,Sports,14,0
307,Customer_307,33,Male,Dallas,65627,48,8,5,Shoes,Fashion,9,0
308,Customer_308,37,Male,Los Angeles,55287,48,2,4,Watch,Electronics,1,0
309,Customer_309,18,Male,Houston,112762,63,5,18,Laptop,Fashion,9,0
310,Customer_310,43,Male,Chicago,123139,12,2,29,Phone,Electronics,10,0
311,Customer_311,53,Male,Chicago,121507,88,3,12,Phone,Sports,7,0
312,Customer_312,33,Female,Dallas,75105,14,6,26,Phone,Fashion,18,0
313,Customer_313,53,Female,Chicago,110028,10,5,20,Watch,Sports,12,0
314,Customer_314,34,Female,Los Angeles,60259,88,9,16,Laptop,Fashion,14,0
315,Customer_315,59,Female,Chicago,109836,3,8,22,Headphones,Sports,16,0
316,Customer_316,55,Female,Chicago,85803,36,8,4,Shoes,Electronics,14,0
317,Customer_317,36,Female,New York,28894,32,4,15,Phone,Fashion,11,0
318,Customer_318,40,Male,New York,84192,44,8,8,Shoes,Electronics,16,0
319,Customer_319,25,Female,New York,128287,88,7,13,Shoes,Sports,19,0
320,Customer_320,47,Female,Los Angeles,37809,82,7,4,Shoes,Electronics,15,0
321,Customer_321,47,Male,Los Angeles,71421,95,4,10,Shoes,Sports,16,0
322,Customer_322,61,Female,Houston,86993,30,3,8,Watch,Fashion,19,0
323,Customer_323,40,Male,Dallas,104705,97,1,29,Headphones,Sports,1,0
324,Customer_324,61,Male,Los Angeles,130861,91,2,23,Watch,Fashion,19,0
325,Customer_325,55,Female,Chicago,48075,25,2,5,Phone,Electronics,9,0
326,Customer_326,39,Female,Chicago,111610,77,4,8,Watch,Sports,8,0
327,Customer_327,45,Male,Houston,99610,8,1,11,Laptop,Fashion,15,0
328,Customer_328,56,Female,New York,86819,24,2,6,Laptop,Fashion,4,0
329,Customer_329,19,Female,Dallas,101839,71,4,6,Shoes,Sports,19,0
330,Customer_330,52,Female,New York,76419,37,1,22,Laptop,Fashion,16,0
331,Customer_331,52,Male,New York,107452,10,6,7,Headphones,Electronics,6,0
332,Customer_332,24,Male,Dallas,44715,79,9,26,Watch,Electronics,9,0
333,Customer_333,44,Female,Dallas,123567,42,2,28,Watch,Fashion,8,0
334,Customer_334,41,Female,Houston,117780,73,7,13,Phone,Electronics,8,0
335,Customer_335,37,Female,Los Angeles,73293,87,8,22,Laptop,Electronics,19,0
336,Customer_336,63,Male,New York,137212,13,7,16,Phone,Electronics,7,0
337,Customer_337,60,Male,Chicago,62902,84,9,5,Laptop,Fashion,18,0
338,Customer_338,41,Male,Chicago,112183,52,8,5,Watch,Fashion,6,0
339,Customer_339,59,Male,Dallas,80192,90,7,27,Headphones,Sports,16,0
340,Customer_340,62,Female,Chicago,147922,4,2,25,Shoes,Electronics,13,0
341,Customer_341,44,Female,Los Angeles,135214,89,1,16,Laptop,Electronics,2,0
342,Customer_342,22,Male,Houston,101282,7,7,18,Watch,Sports,13,0
343,Customer_343,48,Male,Dallas,57691,34,4,17,Laptop,Fashion,16,0
344,Customer_344,59,Male,New York,74230,4,2,1,Laptop,Electronics,17,1
345,Customer_345,42,Male,Houston,64125,1,1,13,Laptop,Electronics,17,0
346,Customer_346,30,Female,New York,117687,78,1,5,Headphones,Sports,14,0
347,Customer_347,20,Female,Dallas,24321,52,7,28,Laptop,Electronics,15,0
348,Customer_348,35,Female,Los Angeles,25660,10,1,15,Headphones,Electronics,9,0
349,Customer_349,50,Female,Houston,85169,38,8,29,Laptop,Sports,6,0
350,Customer_350,48,Male,Dallas,121915,45,7,16,Shoes,Electronics,2,0
351,Customer_351,33,Male,Los Angeles,52258,5,9,11,Phone,Electronics,3,0
352,Customer_352,23,Male,New York,82187,74,8,10,Shoes,Electronics,8,0
353,Customer_353,44,Female,Houston,52512,37,1,14,Headphones,Sports,2,0
354,Customer_354,42,Male,Los Angeles,23664,29,7,17,Headphones,Fashion,1,0
355,Customer_355,58,Female,Houston,37706,56,2,10,Watch,Electronics,2,0
356,Customer_356,37,Female,Houston,88020,76,4,29,Phone,Fashion,10,0
357,Customer_357,62,Female,Houston,87839,43,9,23,Watch,Fashion,11,0
358,Customer_358,47,Male,New York,140642,85,2,2,Headphones,Electronics,1,0
359,Customer_359,18,Male,Los Angeles,62118,84,9,17,Watch,Sports,2,0
360,Customer_360,60,Female,Houston,20826,51,5,19,Headphones,Fashion,11,0
361,Customer_361,31,Male,Los Angeles,136153,41,2,25,Watch,Sports,19,0
362,Customer_362,62,Male,Houston,74893,62,4,8,Phone,Electronics,1,0
363,Customer_363,24,Male,Los Angeles,34770,2,7,6,Headphones,Sports,8,0
364,Customer_364,41,Female,Houston,50704,47,6,7,Headphones,Electronics,3,0
365,Customer_365,37,Male,Dallas,55181,42,1,13,Watch,Sports,16,0
366,Customer_366,59,Male,Los Angeles,52264,97,7,12,Watch,Electronics,11,0
367,Customer_367,49,Female,Houston,45869,31,6,23,Watch,Fashion,18,0
368,Customer_368,31,Female,Chicago,47569,4,3,21,Laptop,Sports,11,0
369,Customer_369,60,Female,Houston,127922,10,4,19,Laptop,Fashion,13,0
370,Customer_370,28,Male,Los Angeles,35870,50,7,27,Shoes,Fashion,12,0
371,Customer_371,45,Male,Los Angeles,37754,29,2,16,Laptop,Fashion,6,0
372,Customer_372,39,Female,Los Angeles,21387,37,3,23,Headphones,Sports,19,0
373,Customer_373,53,Female,Houston,54435,20,4,22,Phone,Electronics,8,0
374,Customer_374,37,Female,Chicago,112884,90,3,19,Phone,Sports,16,0
375,Customer_375,53,Female,Los Angeles,101564,78,2,22,Headphones,Sports,9,0
376,Customer_376,63,Female,Los Angeles,49904,56,7,18,Shoes,Sports,19,0
377,Customer_377,36,Female,Houston,113445,16,6,23,Shoes,Sports,11,0
378,Customer_378,51,Female,Los Angeles,121630,78,4,24,Watch,Sports,5,0
379,Customer_379,27,Female,Chicago,64551,84,4,25,Phone,Fashion,1,0
380,Customer_380,47,Female,Houston,69571,85,5,4,Watch,Fashion,16,0
381,Customer_381,56,Male,New York,31712,89,5,4,Watch,Sports,5,0
382,Customer_382,47,Male,Dallas,46324,66,7,9,Shoes,Electronics,4,0
383,Customer_383,52,Female,Chicago,93489,8,8,2,Laptop,Fashion,1,1
384,Customer_384,33,Female,Dallas,88342,87,6,2,Headphones,Electronics,3,0
385,Customer_385,27,Female,Dallas,80103,34,7,18,Headphones,Fashion,16,0
386,Customer_386,40,Female,Los Angeles,24530,45,1,22,Phone,Sports,19,0
387,Customer_387,21,Female,Los Angeles,109712,27,1,1,Phone,Fashion,18,1
388,Customer_388,30,Female,Los Angeles,20978,63,9,17,Shoes,Sports,15,0
389,Customer_389,44,Female,Dallas,56527,79,5,13,Headphones,Electronics,2,0
390,Customer_390,27,Female,New York,63330,34,2,13,Laptop,Fashion,5,0
391,Customer_391,22,Male,Los Angeles,48155,53,5,14,Laptop,Sports,7,0
392,Customer_392,32,Male,New York,117879,91,5,4,Watch,Electronics,17,0
393,Customer_393,63,Female,Chicago,103860,96,2,26,Headphones,Electronics,19,0
394,Customer_394,23,Male,Dallas,49076,56,8,8,Shoes,Fashion,8,0
395,Customer_395,34,Female,New York,70026,19,1,3,Laptop,Electronics,14,1
396,Customer_396,31,Female,Los Angeles,34237,78,3,11,Laptop,Sports,16,0
397,Customer_397,38,Female,Dallas,66767,95,2,15,Phone,Fashion,16,0
398,Customer_398,18,Female,New York,88946,72,2,17,Phone,Fashion,12,0
399,Customer_399,56,Male,Los Angeles,81096,37,7,17,Watch,Electronics,9,0
400,Customer_400,60,Female,New York,126988,25,8,2,Shoes,Electronics,14,1
401,Customer_401,37,Female,Los Angeles,116946,96,1,8,Headphones,Electronics,15,0
402,Customer_402,51,Female,Houston,47745,57,1,19,Phone,Electronics,2,0
403,Customer_403,27,Male,Houston,27290,9,1,14,Phone,Fashion,1,0
404,Customer_404,49,Female,Houston,27771,45,3,15,Headphones,Electronics,19,0
405,Customer_405,54,Male,Los Angeles,71224,30,4,4,Shoes,Sports,13,0
406,Customer_406,47,Male,Houston,82831,58,1,22,Headphones,Electronics,4,0
407,Customer_407,63,Male,Houston,122641,81,3,10,Headphones,Electronics,1,0
408,Customer_408,34,Male,Dallas,21566,68,4,25,Laptop,Sports,18,0
409,Customer_409,36,Male,Houston,89940,27,6,17,Watch,Electronics,2,0
410,Customer_410,32,Female,Chicago,58984,71,8,16,Laptop,Sports,13,0
411,Customer_411,29,Male,Houston,25455,31,6,7,Headphones,Electronics,7,0
412,Customer_412,38,Male,Chicago,141764,84,2,2,Phone,Electronics,11,0
413,Customer_413,56,Male,Chicago,30952,82,3,4,Laptop,Electronics,3,0
414,Customer_414,40,Female,Chicago,102885,41,3,24,Phone,Electronics,8,0
415,Customer_415,37,Female,New York,36163,78,8,6,Phone,Electronics,13,0
416,Customer_416,51,Female,Los Angeles,70205,98,9,7,Laptop,Fashion,1,0
417,Customer_417,40,Female,Los Angeles,136464,43,1,5,Headphones,Sports,9,0
418,Customer_418,30,Female,Houston,56603,82,4,3,Laptop,Electronics,10,0
419,Customer_419,55,Male,Los Angeles,91974,42,4,5,Shoes,Sports,10,0
420,Customer_420,60,Male,Chicago,92253,51,6,3,Watch,Sports,5,0
421,Customer_421,39,Male,Dallas,91912,96,9,20,Headphones,Fashion,7,0
422,Customer_422,36,Male,Chicago,140380,80,9,14,Laptop,Electronics,4,0
423,Customer_423,35,Male,New York,49158,52,5,16,Shoes,Fashion,12,0
424,Customer_424,42,Male,Houston,123700,51,2,15,Headphones,Electronics,12,0
425,Customer_425,48,Male,Los Angeles,56397,22,5,5,Watch,Electronics,8,0
426,Customer_426,28,Female,Dallas,85687,95,7,16,Headphones,Electronics,10,0
427,Customer_427,36,Female,New York,106788,9,4,27,Shoes,Fashion,6,0
428,Customer_428,54,Male,Dallas,34354,36,7,3,Phone,Sports,7,0
429,Customer_429,64,Female,Houston,96465,48,8,14,Laptop,Sports,15,0
430,Customer_430,42,Male,Los Angeles,124314,77,8,22,Phone,Fashion,17,0
431,Customer_431,52,Male,New York,40145,10,6,18,Watch,Fashion,7,0
432,Customer_432,27,Male,Chicago,72293,11,2,26,Headphones,Sports,10,0
433,Customer_433,42,Female,Dallas,78329,50,6,27,Watch,Fashion,18,0
434,Customer_434,31,Male,Dallas,34191,59,4,16,Watch,Sports,3,0
435,Customer_435,25,Female,Chicago,124970,97,4,7,Headphones,Electronics,17,0
436,Customer_436,64,Female,Los Angeles,140482,15,9,13,Laptop,Electronics,17,0
437,Customer_437,27,Male,Houston,143390,69,1,18,Laptop,Sports,9,0
438,Customer_438,59,Male,New York,76865,90,2,24,Phone,Sports,19,0
439,Customer_439,60,Male,Houston,131788,54,9,17,Laptop,Fashion,3,0
440,Customer_440,34,Male,New York,78257,58,7,18,Phone,Fashion,17,0
441,Customer_441,61,Male,Houston,27302,70,8,27,Laptop,Electronics,1,0
442,Customer_442,30,Male,New York,20807,67,2,24,Watch,Electronics,7,0
443,Customer_443,21,Male,Chicago,48826,23,8,9,Shoes,Sports,18,0
444,Customer_444,64,Female,Houston,58618,5,4,26,Watch,Sports,14,0
445,Customer_445,29,Female,Chicago,107176,6,8,25,Watch,Electronics,1,0
446,Customer_446,24,Male,Houston,143899,21,6,2,Headphones,Sports,6,1
447,Customer_447,24,Female,Los Angeles,130118,2,4,5,Laptop,Electronics,6,0
448,Customer_448,57,Female,Los Angeles,68477,71,8,23,Laptop,Sports,11,0
449,Customer_449,49,Female,New York,57419,51,8,5,Headphones,Electronics,11,0
450,Customer_450,28,Female,Dallas,59884,17,6,8,Phone,Sports,12,0
451,Customer_451,34,Female,New York,96841,14,9,23,Shoes,Electronics,1,0
452,Customer_452,34,Female,Los Angeles,119984,23,2,20,Laptop,Electronics,17,0
453,Customer_453,55,Male,New York,118624,17,9,2,Shoes,Fashion,4,1
454,Customer_454,42,Female,Los Angeles,100017,54,6,13,Laptop,Electronics,18,0
455,Customer_455,46,Male,Houston,62183,30,9,2,Laptop,Fashion,16,0
456,Customer_456,56,Female,Houston,139940,79,9,2,Shoes,Sports,7,0
457,Customer_457,42,Female,Houston,38501,56,6,9,Shoes,Sports,12,0
458,Customer_458,50,Female,Dallas,48968,61,2,5,Phone,Fashion,16,0
459,Customer_459,58,Female,Chicago,112755,92,6,11,Shoes,Sports,3,0
460,Customer_460,26,Female,New York,88849,11,6,11,Laptop,Sports,19,0
461,Customer_461,51,Female,Chicago,71019,59,1,20,Phone,Electronics,5,0
462,Customer_462,43,Male,Chicago,93296,24,4,10,Laptop,Sports,1,0
463,Customer_463,35,Male,Houston,59062,85,5,23,Headphones,Sports,9,0
464,Customer_464,62,Male,Chicago,115910,94,4,28,Laptop,Fashion,9,0
465,Customer_465,55,Male,Chicago,74592,26,7,26,Watch,Electronics,10,0
466,Customer_466,28,Female,New York,101583,70,1,26,Headphones,Electronics,6,0
467,Customer_467,44,Male,Los Angeles,103894,53,2,10,Phone,Sports,13,0
468,Customer_468,36,Male,Chicago,135794,17,3,1,Shoes,Electronics,15,1
469,Customer_469,20,Male,Chicago,140913,66,7,11,Shoes,Fashion,5,0
470,Customer_470,58,Male,Los Angeles,149469,3,6,5,Phone,Fashion,8,0
471,Customer_471,37,Female,Houston,147071,82,2,27,Phone,Fashion,12,0
472,Customer_472,21,Female,Chicago,137667,23,9,16,Shoes,Fashion,12,0
473,Customer_473,57,Male,Dallas,113139,38,6,17,Headphones,Fashion,12,0
474,Customer_474,58,Male,Houston,114235,64,9,15,Headphones,Fashion,12,0
475,Customer_475,49,Male,Chicago,84710,39,3,23,Phone,Electronics,9,0
476,Customer_476,54,Female,Dallas,110223,46,4,23,Shoes,Electronics,18,0
477,Customer_477,62,Male,Chicago,31911,62,3,27,Watch,Fashion,3,0
478,Customer_478,59,Male,Houston,61569,21,2,3,Headphones,Fashion,15,1
479,Customer_479,45,Male,Chicago,149192,91,1,25,Shoes,Sports,2,0
480,Customer_480,43,Female,Dallas,131101,59,5,1,Headphones,Sports,10,0
481,Customer_481,47,Male,Chicago,130444,67,3,19,Phone,Fashion,12,0
482,Customer_482,19,Male,New York,103233,56,9,6,Phone,Sports,1,0
483,Customer_483,35,Male,Houston,89090,58,3,5,Watch,Electronics,10,0
484,Customer_484,62,Female,Los Angeles,141369,36,6,8,Watch,Sports,12,0
485,Customer_485,23,Male,Houston,67553,97,3,3,Headphones,Sports,2,0
486,Customer_486,28,Male,Dallas,104091,74,1,3,Phone,Electronics,18,0
487,Customer_487,58,Female,New York,105323,24,5,27,Watch,Fashion,17,0
488,Customer_488,34,Female,Chicago,87988,69,8,4,Phone,Electronics,14,0
489,Customer_489,49,Male,New York,40812,57,5,21,Watch,Sports,12,0
490,Customer_490,30,Male,Houston,68282,13,1,11,Laptop,Sports,4,0
491,Customer_491,44,Male,Houston,94264,20,7,14,Headphones,Fashion,16,0
492,Customer_492,27,Female,Los Angeles,63414,91,9,26,Shoes,Electronics,4,0
493,Customer_493,60,Female,Houston,36058,73,9,29,Headphones,Fashion,18,0
494,Customer_494,35,Male,Chicago,91075,85,2,10,Shoes,Electronics,3,0
495,Customer_495,25,Male,Houston,60892,72,9,5,Watch,Sports,6,0
496,Customer_496,35,Male,New York,72519,52,3,28,Headphones,Sports,1,0
497,Customer_497,24,Female,Dallas,103241,67,1,29,Watch,Fashion,10,0
498,Customer_498,55,Male,New York,81137,66,1,26,Shoes,Sports,12,0
499,Customer_499,56,Female,Houston,28641,25,9,7,Headphones,Sports,5,0
500,Customer_500,20,Male,Houston,72586,58,7,7,Headphones,Fashion,13,0
501,Customer_501,47,Male,Dallas,29489,50,3,21,Headphones,Sports,2,0
502,Customer_502,51,Female,New York,111975,17,7,26,Headphones,Electronics,13,0
503,Customer_503,26,Female,Houston,51584,70,1,4,Watch,Fashion,5,0
504,Customer_504,51,Female,Houston,31939,15,4,12,Headphones,Electronics,19,0
505,Customer_505,47,Male,Los Angeles,85385,13,4,10,Headphones,Sports,8,0
506,Customer_506,50,Female,Chicago,136274,68,4,4,Phone,Fashion,15,0
507,Customer_507,24,Male,New York,73374,10,8,19,Laptop,Electronics,14,0
508,Customer_508,40,Male,Dallas,92365,75,2,28,Headphones,Electronics,5,0
509,Customer_509,31,Male,Houston,76869,45,2,23,Shoes,Electronics,2,0
510,Customer_510,29,Female,Los Angeles,121718,12,9,8,Phone,Fashion,5,0
511,Customer_511,61,Female,Dallas,90520,44,2,24,Watch,Sports,17,0
512,Customer_512,36,Male,Dallas,37836,52,4,28,Laptop,Fashion,15,0
513,Customer_513,27,Female,New York,71453,53,8,5,Shoes,Electronics,6,0
514,Customer_514,26,Male,Dallas,75802,91,5,5,Watch,Sports,14,0
515,Customer_515,28,Female,New York,138070,77,9,18,Phone,Fashion,16,0
516,Customer_516,20,Female,Dallas,122777,81,7,26,Phone,Electronics,15,0
517,Customer_517,35,Female,Dallas,83938,59,1,2,Shoes,Fashion,3,0
518,Customer_518,57,Female,Houston,120700,55,5,6,Headphones,Sports,10,0
519,Customer_519,53,Male,New York,103078,68,6,10,Phone,Electronics,18,0
520,Customer_520,46,Female,Dallas,125113,7,7,24,Laptop,Fashion,13,0
521,Customer_521,33,Female,Dallas,25245,15,5,11,Headphones,Sports,3,0
522,Customer_522,23,Male,Chicago,121191,53,5,19,Headphones,Fashion,13,0
523,Customer_523,21,Female,Chicago,99642,52,1,3,Headphones,Electronics,12,0
524,Customer_524,61,Female,Dallas,44622,97,5,6,Watch,Fashion,13,0
525,Customer_525,22,Female,Houston,33899,53,3,11,Shoes,Electronics,17,0
526,Customer_526,41,Male,Los Angeles,59245,49,1,26,Headphones,Sports,13,0
527,Customer_527,64,Male,New York,129279,13,4,21,Watch,Electronics,17,0
528,Customer_528,23,Male,Chicago,21327,70,7,18,Phone,Sports,8,0
529,Customer_529,44,Male,Dallas,58201,17,9,7,Headphones,Sports,12,0
530,Customer_530,20,Male,Chicago,36762,84,3,18,Headphones,Fashion,14,0
531,Customer_531,23,Male,Chicago,42627,90,2,25,Phone,Electronics,5,0
532,Customer_532,37,Male,Chicago,124028,65,4,26,Headphones,Sports,2,0
533,Customer_533,35,Female,Houston,128729,58,3,24,Phone,Fashion,10,0
534,Customer_534,60,Female,Dallas,130604,80,8,27,Phone,Sports,11,0
535,Customer_535,21,Male,Chicago,64686,33,4,22,Headphones,Sports,5,0
536,Customer_536,42,Female,New York,137442,71,7,29,Watch,Fashion,10,0
537,Customer_537,45,Male,Chicago,83519,74,2,25,Headphones,Fashion,14,0
538,Customer_538,49,Female,Houston,116659,39,4,26,Laptop,Electronics,15,0
539,Customer_539,26,Male,Los Angeles,38881,78,3,28,Phone,Electronics,12,0
540,Customer_540,34,Male,Houston,117948,17,6,24,Phone,Electronics,4,0
541,Customer_541,58,Male,Houston,81060,57,4,3,Headphones,Electronics,10,0
542,Customer_542,63,Female,New York,37935,7,9,8,Laptop,Electronics,16,0
543,Customer_543,18,Female,Los Angeles,93090,20,1,9,Laptop,Sports,3,0
544,Customer_544,44,Male,Los Angeles,149474,54,7,8,Laptop,Fashion,19,0
545,Customer_545,33,Female,Chicago,98311,48,6,20,Shoes,Sports,4,0
546,Customer_546,23,Female,New York,95546,24,5,18,Watch,Sports,2,0
547,Customer_547,61,Male,Dallas,84947,95,7,11,Headphones,Sports,16,0
548,Customer_548,50,Male,New York,146379,57,6,2,Shoes,Fashion,15,0
549,Customer_549,57,Male,Houston,42218,96,4,8,Watch,Sports,7,0
550,Customer_550,39,Male,Chicago,97650,96,7,24,Shoes,Sports,17,0
551,Customer_551,63,Female,Los Angeles,146741,19,7,8,Watch,Electronics,4,0
552,Customer_552,48,Male,Dallas,100999,54,1,6,Headphones,Sports,12,0
553,Customer_553,61,Female,Dallas,102951,74,1,22,Shoes,Electronics,18,0
554,Customer_554,30,Male,Chicago,23505,39,5,8,Watch,Electronics,6,0
555,Customer_555,28,Male,Dallas,122730,45,2,22,Phone,Electronics,15,0
556,Customer_556,46,Female,Los Angeles,79768,42,2,14,Phone,Electronics,14,0
557,Customer_557,51,Male,New York,32044,5,8,26,Watch,Electronics,18,0
558,Customer_558,44,Female,New York,102831,63,2,9,Watch,Sports,13,0
559,Customer_559,56,Male,Los Angeles,108963,61,6,5,Laptop,Fashion,6,0
560,Customer_560,42,Male,Chicago,108840,75,6,21,Watch,Fashion,8,0
561,Customer_561,48,Female,Los Angeles,59357,43,7,22,Phone,Fashion,6,0
562,Customer_562,53,Female,New York,54198,64,5,25,Headphones,Fashion,15,0
563,Customer_563,40,Male,Houston,109392,16,6,18,Shoes,Sports,1,0
564,Customer_564,46,Female,New York,43745,98,3,2,Laptop,Sports,9,0
565,Customer_565,62,Female,Dallas,28528,84,6,5,Phone,Fashion,13,0
566,Customer_566,27,Female,Dallas,113964,58,9,3,Laptop,Fashion,15,0
567,Customer_567,61,Male,Houston,67991,84,6,21,Phone,Electronics,12,0
568,Customer_568,41,Female,Chicago,103438,55,3,7,Phone,Sports,9,0
569,Customer_569,31,Male,Dallas,22425,52,4,9,Watch,Electronics,4,0
570,Customer_570,45,Male,Los Angeles,134846,55,8,29,Watch,Electronics,14,0
571,Customer_571,62,Male,New York,116886,31,9,8,Headphones,Electronics,10,0
572,Customer_572,47,Female,Chicago,97652,39,6,26,Headphones,Electronics,18,0
573,Customer_573,25,Female,Los Angeles,20579,56,8,29,Watch,Fashion,15,0
574,Customer_574,25,Female,Dallas,139759,66,5,9,Headphones,Electronics,17,0
575,Customer_575,61,Female,Houston,82522,69,6,1,Shoes,Sports,2,0
576,Customer_576,33,Female,Dallas,104305,37,4,23,Phone,Sports,19,0
577,Customer_577,41,Female,Chicago,80162,7,2,24,Headphones,Fashion,4,0
578,Customer_578,59,Male,Houston,110389,95,8,7,Phone,Sports,14,0
579,Customer_579,50,Male,New York,45504,10,3,11,Watch,Fashion,12,0
580,Customer_580,31,Female,Houston,20223,23,2,14,Watch,Sports,1,0
581,Customer_581,18,Female,Dallas,127300,67,4,7,Watch,Sports,19,0
582,Customer_582,26,Male,Dallas,129091,97,1,5,Watch,Sports,7,0
583,Customer_583,53,Female,New York,61091,86,1,28,Shoes,Sports,16,0
584,Customer_584,64,Male,Dallas,62549,45,8,21,Shoes,Sports,19,0
585,Customer_585,59,Male,Chicago,107068,20,3,16,Watch,Electronics,6,0
586,Customer_586,22,Female,Dallas,90030,54,3,12,Watch,Fashion,9,0
587,Customer_587,48,Female,Chicago,37595,36,1,15,Laptop,Sports,9,0
588,Customer_588,49,Female,Chicago,129902,80,9,1,Laptop,Fashion,6,0
589,Customer_589,45,Female,Los Angeles,28680,28,4,21,Shoes,Electronics,6,0
590,Customer_590,50,Male,Los Angeles,81024,85,8,26,Laptop,Electronics,6,0
591,Customer_591,30,Male,New York,67590,6,9,4,Phone,Sports,12,1
592,Customer_592,39,Female,New York,93075,95,8,14,Shoes,Fashion,16,0
593,Customer_593,36,Female,Chicago,105974,17,7,29,Phone,Electronics,4,0
594,Customer_594,54,Male,Chicago,64845,81,9,9,Watch,Fashion,17,0
595,Customer_595,27,Male,Houston,102986,82,8,7,Watch,Sports,9,0
596,Customer_596,64,Male,Chicago,21811,24,7,5,Shoes,Electronics,15,0
597,Customer_597,27,Male,Los Angeles,124541,47,2,11,Shoes,Electronics,15,0
598,Customer_598,60,Female,Houston,34945,32,4,1,Watch,Sports,15,0
599,Customer_599,34,Female,Chicago,135124,39,2,13,Laptop,Electronics,6,0
600,Customer_600,62,Female,New York,115505,19,1,13,Laptop,Fashion,16,0
601,Customer_601,54,Female,New York,62152,75,3,13,Shoes,Fashion,17,0
602,Customer_602,58,Female,Houston,50012,21,3,29,Laptop,Sports,10,0
603,Customer_603,40,Female,Dallas,123917,86,4,8,Shoes,Electronics,1,0
604,Customer_604,35,Male,Houston,67809,20,3,2,Headphones,Electronics,6,1
605,Customer_605,20,Female,Houston,27823,12,4,18,Headphones,Sports,3,0
606,Customer_606,52,Female,Chicago,74403,59,7,3,Watch,Fashion,11,0
607,Customer_607,60,Female,Houston,70732,44,4,1,Phone,Electronics,17,0
608,Customer_608,57,Male,Chicago,126732,55,7,28,Laptop,Fashion,2,0
609,Customer_609,26,Male,Houston,58325,66,6,14,Shoes,Fashion,14,0
610,Customer_610,23,Male,Chicago,108932,37,6,4,Headphones,Fashion,18,0
611,Customer_611,23,Male,New York,112866,74,1,13,Headphones,Sports,3,0
612,Customer_612,33,Male,Los Angeles,55940,78,5,13,Headphones,Sports,8,0
613,Customer_613,54,Male,Chicago,119040,13,3,7,Laptop,Sports,1,0
614,Customer_614,24,Male,Chicago,50962,77,5,15,Watch,Sports,8,0
615,Customer_615,18,Female,Houston,119462,67,8,19,Laptop,Fashion,5,0
616,Customer_616,49,Male,Chicago,85275,49,7,6,Watch,Electronics,2,0
617,Customer_617,49,Male,Los Angeles,51752,2,7,7,Phone,Sports,18,0
618,Customer_618,53,Male,New York,52020,26,1,28,Phone,Sports,7,0
619,Customer_619,59,Female,Dallas,63276,14,5,17,Watch,Electronics,9,0
620,Customer_620,46,Female,Dallas,60381,29,9,17,Laptop,Sports,11,0
621,Customer_621,33,Male,Houston,35770,47,6,5,Watch,Fashion,7,0
622,Customer_622,23,Male,Los Angeles,93836,95,2,15,Watch,Electronics,2,0
623,Customer_623,59,Male,New York,101247,37,7,22,Laptop,Electronics,1,0
624,Customer_624,60,Female,New York,60198,92,1,27,Phone,Fashion,2,0
625,Customer_625,59,Male,Houston,46970,71,1,1,Laptop,Sports,1,0
626,Customer_626,22,Female,Houston,45036,50,5,21,Laptop,Fashion,15,0
627,Customer_627,57,Female,Los Angeles,23126,73,9,10,Laptop,Electronics,7,0
628,Customer_628,51,Female,Dallas,53313,17,6,17,Phone,Sports,10,0
629,Customer_629,23,Female,New York,89098,54,8,3,Laptop,Electronics,18,0
630,Customer_630,38,Male,Houston,70322,19,5,19,Shoes,Sports,18,0
631,Customer_631,57,Male,Chicago,57106,51,5,27,Watch,Electronics,4,0
632,Customer_632,48,Male,New York,108008,56,6,24,Shoes,Fashion,2,0
633,Customer_633,55,Male,Houston,83361,29,5,14,Watch,Fashion,8,0
634,Customer_634,49,Female,Chicago,60150,90,2,11,Phone,Fashion,19,0
635,Customer_635,56,Male,Chicago,103733,67,4,3,Laptop,Sports,10,0
636,Customer_636,40,Male,Los Angeles,38062,23,4,13,Laptop,Fashion,1,0
637,Customer_637,43,Female,Los Angeles,129122,2,1,18,Headphones,Fashion,18,0
638,Customer_638,53,Male,Los Angeles,91345,29,4,10,Laptop,Fashion,10,0
639,Customer_639,29,Female,New York,22509,98,6,24,Laptop,Electronics,2,0
640,Customer_640,25,Female,Chicago,53220,8,5,17,Laptop,Sports,8,0
641,Customer_641,44,Male,Chicago,94622,41,6,9,Laptop,Fashion,9,0
642,Customer_642,20,Female,Houston,40632,11,4,18,Shoes,Electronics,16,0
643,Customer_643,30,Female,New York,93157,25,8,19,Headphones,Electronics,9,0
644,Customer_644,22,Female,Dallas,34484,94,2,27,Shoes,Electronics,15,0
645,Customer_645,64,Male,Houston,75952,64,6,29,Phone,Electronics,14,0
646,Customer_646,47,Female,Los Angeles,105907,65,6,28,Watch,Sports,5,0
647,Customer_647,63,Female,Chicago,30366,39,8,18,Laptop,Sports,16,0
648,Customer_648,31,Male,Los Angeles,22334,28,6,6,Shoes,Sports,16,0
649,Customer_649,22,Female,Houston,54279,71,8,3,Headphones,Fashion,18,0
650,Customer_650,26,Female,Los Angeles,46662,97,5,25,Phone,Sports,7,0
651,Customer_651,18,Male,Houston,126754,34,1,29,Phone,Fashion,5,0
652,Customer_652,23,Female,Houston,141166,47,4,22,Watch,Electronics,17,0
653,Customer_653,22,Female,Houston,56903,26,7,10,Headphones,Electronics,2,0
654,Customer_654,30,Male,Houston,116157,36,6,20,Phone,Electronics,16,0
655,Customer_655,20,Female,Los Angeles,89059,16,3,9,Watch,Electronics,9,0
656,Customer_656,60,Male,New York,82964,29,5,23,Laptop,Fashion,16,0
657,Customer_657,58,Female,Dallas,125053,15,4,16,Phone,Fashion,12,0
658,Customer_658,22,Male,Chicago,78069,68,1,24,Headphones,Sports,4,0
659,Customer_659,33,Female,Dallas,124142,21,7,13,Laptop,Sports,9,0
660,Customer_660,24,Male,Houston,88237,99,8,21,Phone,Sports,14,0
661,Customer_661,58,Female,New York,39597,4,7,25,Headphones,Electronics,16,0
662,Customer_662,43,Female,Los Angeles,59571,47,7,10,Headphones,Electronics,16,0
663,Customer_663,27,Female,Houston,129797,36,4,4,Headphones,Sports,14,0
664,Customer_664,32,Male,Los Angeles,73756,29,6,6,Watch,Sports,2,0
665,Customer_665,34,Male,New York,27736,82,5,3,Phone,Sports,18,0
666,Customer_666,55,Female,New York,49307,40,7,10,Headphones,Fashion,18,0
667,Customer_667,40,Male,Houston,83221,13,2,23,Phone,Sports,8,0
668,Customer_668,42,Female,Dallas,31362,61,2,26,Shoes,Fashion,8,0
669,Customer_669,18,Female,Houston,86584,95,1,11,Phone,Sports,18,0
670,Customer_670,40,Male,New York,37974,49,4,28,Headphones,Fashion,8,0
671,Customer_671,52,Female,Houston,24192,43,6,22,Laptop,Sports,19,0
672,Customer_672,43,Male,Chicago,129777,53,9,19,Watch,Fashion,5,0
673,Customer_673,28,Female,Dallas,111370,62,9,13,Shoes,Fashion,15,0
674,Customer_674,30,Male,Los Angeles,82570,15,6,2,Headphones,Sports,17,1
675,Customer_675,49,Male,Houston,63596,32,4,8,Laptop,Sports,4,0
676,Customer_676,57,Male,Houston,119722,18,6,23,Phone,Sports,3,0
677,Customer_677,21,Female,New York,82101,82,4,8,Laptop,Fashion,9,0
678,Customer_678,64,Female,Chicago,65982,3,1,17,Laptop,Sports,2,0
679,Customer_679,56,Female,Dallas,144083,86,6,4,Laptop,Sports,16,0
680,Customer_680,49,Male,Houston,113917,40,6,28,Phone,Fashion,6,0
681,Customer_681,29,Female,Dallas,43144,89,9,7,Laptop,Fashion,10,0
682,Customer_682,38,Male,New York,139706,22,3,16,Shoes,Sports,16,0
683,Customer_683,45,Male,Los Angeles,95546,15,6,1,Phone,Electronics,14,1
684,Customer_684,21,Female,New York,97568,76,6,2,Phone,Fashion,3,0
685,Customer_685,32,Male,New York,80691,16,6,12,Laptop,Electronics,2,0
686,Customer_686,45,Female,Houston,104790,88,8,29,Watch,Sports,10,0
687,Customer_687,39,Female,Chicago,30547,72,1,2,Shoes,Sports,12,0
688,Customer_688,42,Female,Los Angeles,91321,11,1,2,Phone,Fashion,6,1
689,Customer_689,45,Male,Houston,40149,27,9,29,Shoes,Sports,9,0
690,Customer_690,60,Male,Chicago,42449,24,5,14,Headphones,Electronics,2,0
691,Customer_691,29,Female,Chicago,96990,30,7,8,Phone,Electronics,6,0
692,Customer_692,63,Female,Houston,33489,46,4,11,Phone,Sports,10,0
693,Customer_693,62,Male,Houston,110185,82,7,19,Shoes,Fashion,9,0
694,Customer_694,64,Male,Houston,149072,19,8,11,Phone,Sports,11,0
695,Customer_695,49,Male,New York,111016,18,7,19,Phone,Electronics,12,0
696,Customer_696,22,Female,Dallas,63412,10,7,8,Headphones,Electronics,18,0
697,Customer_697,20,Male,Houston,117611,88,9,21,Phone,Electronics,14,0
698,Customer_698,30,Male,Dallas,82472,19,8,11,Phone,Fashion,2,0
699,Customer_699,22,Female,New York,86840,3,9,14,Watch,Fashion,10,0
700,Customer_700,36,Male,Houston,38318,40,5,25,Laptop,Fashion,3,0
701,Customer_701,51,Male,Los Angeles,61842,94,7,25,Watch,Sports,18,0
702,Customer_702,59,Female,Houston,57200,59,7,14,Phone,Sports,10,0
703,Customer_703,40,Female,New York,115360,94,3,4,Watch,Fashion,6,0
704,Customer_704,34,Male,Chicago,130811,49,4,25,Watch,Sports,6,0
705,Customer_705,24,Female,New York,119550,81,3,9,Watch,Electronics,19,0
706,Customer_706,46,Female,New York,101912,31,7,8,Headphones,Fashion,4,0
707,Customer_707,36,Female,Houston,133772,73,6,24,Watch,Electronics,16,0
708,Customer_708,36,Female,Chicago,46406,10,3,7,Headphones,Sports,1,0
709,Customer_709,46,Female,Dallas,137371,84,1,3,Laptop,Electronics,4,0
710,Customer_710,42,Male,New York,110929,84,2,12,Watch,Sports,15,0
711,Customer_711,28,Female,Chicago,29653,80,4,27,Phone,Sports,18,0
712,Customer_712,39,Male,Houston,29834,55,2,4,Headphones,Sports,19,0
713,Customer_713,39,Female,Chicago,58402,80,6,10,Watch,Sports,6,0
714,Customer_714,62,Female,Chicago,96314,39,6,25,Watch,Electronics,18,0
715,Customer_715,20,Male,Los Angeles,78902,84,3,3,Headphones,Sports,8,0
716,Customer_716,40,Female,New York,41472,57,2,9,Headphones,Electronics,12,0
717,Customer_717,21,Female,Houston,24543,6,4,17,Headphones,Sports,3,0
718,Customer_718,38,Female,Houston,139762,38,4,19,Laptop,Electronics,6,0
719,Customer_719,23,Female,Houston,49365,7,2,24,Phone,Fashion,7,0
720,Customer_720,24,Female,Dallas,114713,43,7,7,Shoes,Fashion,10,0
721,Customer_721,24,Female,Chicago,70948,42,8,9,Laptop,Sports,16,0
722,Customer_722,21,Female,New York,46486,67,7,26,Headphones,Electronics,3,0
723,Customer_723,22,Female,Chicago,129815,64,9,27,Shoes,Electronics,6,0
724,Customer_724,51,Male,Houston,127584,98,4,6,Shoes,Fashion,14,0
725,Customer_725,63,Female,Houston,88575,20,7,15,Watch,Fashion,8,0
726,Customer_726,30,Female,Chicago,83631,85,7,10,Watch,Fashion,8,0
727,Customer_727,19,Female,Chicago,131355,76,4,19,Laptop,Electronics,8,0
728,Customer_728,40,Female,Dallas,86475,3,2,2,Watch,Electronics,8,1
729,Customer_729,61,Female,Los Angeles,21165,49,1,15,Watch,Electronics,16,0
730,Customer_730,57,Female,New York,74273,50,8,5,Headphones,Fashion,8,0
731,Customer_731,58,Male,Los Angeles,24329,2,6,24,Laptop,Fashion,4,0
732,Customer_732,60,Male,Los Angeles,58585,86,4,1,Phone,Fashion,7,0
733,Customer_733,32,Female,Chicago,58418,49,6,5,Watch,Sports,12,0
734,Customer_734,53,Male,Houston,28469,26,9,23,Laptop,Fashion,5,0
735,Customer_735,35,Male,Chicago,55096,18,9,7,Watch,Sports,6,0
736,Customer_736,33,Female,Los Angeles,144906,21,7,25,Shoes,Electronics,13,0
737,Customer_737,38,Male,Houston,137314,37,1,8,Shoes,Fashion,9,0
738,Customer_738,21,Female,Chicago,58246,9,8,3,Headphones,Fashion,10,1
739,Customer_739,60,Male,Chicago,138924,1,3,16,Watch,Electronics,19,0
740,Customer_740,63,Male,Dallas,36308,80,5,3,Laptop,Electronics,2,0
741,Customer_741,44,Male,Los Angeles,84287,26,9,29,Laptop,Sports,9,0
742,Customer_742,29,Female,Chicago,32163,54,9,26,Laptop,Sports,13,0
743,Customer_743,43,Male,Los Angeles,75773,68,5,7,Phone,Electronics,7,0
744,Customer_744,42,Male,Dallas,27604,21,2,19,Laptop,Fashion,4,0
745,Customer_745,49,Female,Chicago,114710,32,6,9,Laptop,Electronics,11,0
746,Customer_746,53,Female,Dallas,92987,90,3,16,Laptop,Fashion,19,0
747,Customer_747,48,Male,New York,95063,20,3,6,Shoes,Sports,19,0
748,Customer_748,32,Male,Chicago,116388,47,6,8,Laptop,Sports,1,0
749,Customer_749,21,Female,Houston,38555,79,7,13,Shoes,Sports,13,0
750,Customer_750,23,Male,Los Angeles,86534,4,6,20,Headphones,Sports,16,0
751,Customer_751,33,Male,Los Angeles,68130,86,9,26,Laptop,Fashion,5,0
752,Customer_752,57,Male,New York,33838,45,9,8,Laptop,Electronics,12,0
753,Customer_753,38,Female,Houston,104737,76,8,4,Phone,Sports,5,0
754,Customer_754,33,Male,Chicago,98320,96,5,14,Headphones,Sports,15,0
755,Customer_755,41,Female,Chicago,121412,21,7,27,Laptop,Sports,6,0
756,Customer_756,22,Male,Dallas,79634,37,8,15,Phone,Fashion,13,0
757,Customer_757,23,Female,Dallas,107896,50,3,22,Headphones,Electronics,5,0
758,Customer_758,19,Male,Chicago,24460,65,6,9,Laptop,Fashion,2,0
759,Customer_759,53,Male,New York,56026,85,7,23,Laptop,Fashion,8,0
760,Customer_760,38,Female,Dallas,32811,87,4,16,Laptop,Electronics,13,0
761,Customer_761,34,Female,Houston,139476,88,1,1,Shoes,Sports,17,0
762,Customer_762,38,Female,Los Angeles,22767,80,5,28,Phone,Electronics,8,0
763,Customer_763,31,Female,Houston,43487,59,8,2,Shoes,Fashion,6,0
764,Customer_764,27,Male,New York,89252,31,9,28,Phone,Electronics,15,0
765,Customer_765,46,Male,Los Angeles,146024,58,7,2,Phone,Electronics,3,0
766,Customer_766,35,Male,Chicago,26354,77,9,11,Phone,Fashion,15,0
767,Customer_767,30,Female,Chicago,112982,4,9,26,Phone,Fashion,9,0
768,Customer_768,57,Male,New York,132105,4,4,14,Laptop,Fashion,3,0
769,Customer_769,41,Female,New York,116536,90,8,11,Laptop,Sports,1,0
770,Customer_770,20,Male,Chicago,149556,8,5,17,Watch,Sports,7,0
771,Customer_771,25,Male,Dallas,30172,52,9,18,Shoes,Fashion,2,0
772,Customer_772,64,Female,New York,117752,28,5,11,Headphones,Electronics,16,0
773,Customer_773,32,Male,Chicago,104350,86,7,8,Laptop,Fashion,13,0
774,Customer_774,46,Female,Houston,91603,75,4,13,Watch,Electronics,11,0
775,Customer_775,53,Female,Houston,37786,97,9,3,Phone,Fashion,3,0
776,Customer_776,46,Male,Chicago,50372,57,9,5,Headphones,Sports,16,0
777,Customer_777,37,Male,Los Angeles,129482,61,6,29,Watch,Sports,11,0
778,Customer_778,53,Female,Dallas,137862,74,6,7,Headphones,Sports,8,0
779,Customer_779,41,Female,Los Angeles,29611,73,3,15,Shoes,Sports,1,0
780,Customer_780,44,Male,Los Angeles,43140,37,4,11,Phone,Sports,8,0
781,Customer_781,39,Female,Dallas,54042,52,4,5,Headphones,Sports,9,0
782,Customer_782,54,Female,Houston,21266,12,9,19,Laptop,Fashion,10,0
783,Customer_783,45,Male,Chicago,138784,10,1,13,Watch,Sports,4,0
784,Customer_784,54,Female,Houston,136565,20,5,24,Shoes,Electronics,16,0
785,Customer_785,59,Male,Houston,57836,59,8,18,Headphones,Sports,9,0
786,Customer_786,21,Female,Dallas,131184,99,4,29,Watch,Fashion,9,0
787,Customer_787,22,Female,Chicago,50295,4,6,24,Shoes,Fashion,7,0
788,Customer_788,27,Female,New York,66296,45,8,16,Phone,Sports,16,0
789,Customer_789,34,Male,Dallas,138257,42,7,16,Headphones,Fashion,11,0
790,Customer_790,36,Female,Dallas,126766,36,2,11,Laptop,Electronics,8,0
791,Customer_791,36,Male,Dallas,68844,70,4,15,Headphones,Electronics,4,0
792,Customer_792,21,Female,Los Angeles,75649,75,5,2,Headphones,Electronics,9,0
793,Customer_793,29,Female,Chicago,124140,10,8,17,Laptop,Electronics,2,0
794,Customer_794,19,Male,Houston,72391,11,8,7,Headphones,Electronics,13,0
795,Customer_795,35,Female,New York,73687,89,1,20,Phone,Sports,19,0
796,Customer_796,44,Male,New York,68740,13,2,10,Watch,Sports,3,0
797,Customer_797,41,Male,New York,62390,24,4,11,Phone,Fashion,16,0
798,Customer_798,54,Female,Los Angeles,80547,44,9,3,Headphones,Fashion,13,0
799,Customer_799,31,Female,Los Angeles,106700,18,6,28,Phone,Electronics,6,0
800,Customer_800,34,Female,Houston,36263,85,2,1,Laptop,Electronics,4,0
801,Customer_801,18,Male,Chicago,76176,43,5,26,Shoes,Fashion,14,0
802,Customer_802,41,Male,New York,69015,73,2,26,Headphones,Electronics,11,0
803,Customer_803,54,Male,Houston,94685,41,1,21,Watch,Sports,1,0
804,Customer_804,58,Male,Los Angeles,110158,25,3,1,Watch,Sports,7,1
805,Customer_805,63,Male,Los Angeles,80828,2,8,12,Headphones,Sports,2,0
806,Customer_806,38,Male,Chicago,136933,88,6,8,Phone,Electronics,19,0
807,Customer_807,22,Male,New York,76535,32,5,10,Laptop,Sports,4,0
808,Customer_808,37,Male,New York,63446,94,1,5,Laptop,Sports,3,0
809,Customer_809,30,Male,Houston,127405,34,3,22,Watch,Electronics,12,0
810,Customer_810,29,Male,Houston,31118,33,3,21,Laptop,Sports,17,0
811,Customer_811,54,Female,Dallas,79262,2,9,1,Laptop,Fashion,4,1
812,Customer_812,60,Male,Chicago,121367,43,5,17,Headphones,Electronics,11,0
813,Customer_813,31,Male,Los Angeles,126186,1,8,12,Watch,Sports,17,0
814,Customer_814,25,Female,Dallas,90277,22,7,12,Laptop,Sports,4,0
815,Customer_815,58,Female,Dallas,63395,96,5,1,Phone,Electronics,9,0
816,Customer_816,55,Male,Los Angeles,96133,48,4,17,Phone,Sports,15,0
817,Customer_817,31,Female,Chicago,41056,12,9,25,Watch,Fashion,3,0
818,Customer_818,25,Female,Dallas,136986,26,6,19,Shoes,Sports,17,0
819,Customer_819,62,Male,Dallas,79761,70,2,22,Headphones,Fashion,15,0
820,Customer_820,40,Female,Houston,77047,96,9,20,Headphones,Sports,8,0
821,Customer_821,61,Female,Los Angeles,41191,69,6,24,Phone,Electronics,18,0
822,Customer_822,24,Male,New York,122217,8,6,14,Watch,Sports,2,0
823,Customer_823,34,Male,Houston,148439,28,3,12,Watch,Sports,8,0
824,Customer_824,63,Male,Houston,126840,27,2,25,Headphones,Fashion,2,0
825,Customer_825,21,Male,Houston,84277,81,3,4,Laptop,Fashion,4,0
826,Customer_826,20,Female,New York,63756,2,1,15,Laptop,Fashion,12,0
827,Customer_827,57,Female,Los Angeles,136160,15,7,25,Phone,Sports,16,0
828,Customer_828,33,Male,Chicago,33040,78,5,8,Shoes,Fashion,12,0
829,Customer_829,45,Male,Houston,58159,83,2,1,Laptop,Fashion,2,0
830,Customer_830,18,Female,Chicago,116912,83,9,6,Headphones,Sports,13,0
831,Customer_831,21,Male,Houston,72488,69,2,6,Phone,Fashion,13,0
832,Customer_832,33,Female,Dallas,27620,3,4,3,Shoes,Electronics,1,1
833,Customer_833,39,Male,Houston,133688,86,8,6,Shoes,Sports,3,0
834,Customer_834,31,Male,Dallas,143179,57,3,8,Headphones,Fashion,11,0
835,Customer_835,61,Male,Houston,112642,11,5,17,Phone,Electronics,1,0
836,Customer_836,44,Male,Dallas,37235,70,8,20,Shoes,Fashion,19,0
837,Customer_837,42,Male,Chicago,142216,95,1,16,Phone,Sports,18,0
838,Customer_838,63,Male,Chicago,73055,76,2,9,Phone,Fashion,15,0
839,Customer_839,33,Female,Los Angeles,73116,90,8,28,Watch,Fashion,5,0
840,Customer_840,45,Male,Los Angeles,108551,50,3,17,Phone,Sports,12,0
841,Customer_841,35,Male,Los Angeles,130177,15,4,14,Phone,Sports,15,0
842,Customer_842,28,Male,Chicago,54828,30,8,24,Phone,Fashion,19,0
843,Customer_843,39,Female,Dallas,93159,74,7,17,Headphones,Electronics,9,0
844,Customer_844,36,Male,New York,117670,87,7,20,Watch,Fashion,10,0
845,Customer_845,59,Male,Los Angeles,118255,69,8,12,Headphones,Fashion,17,0
846,Customer_846,57,Female,Chicago,127050,32,8,18,Headphones,Electronics,18,0
847,Customer_847,56,Male,Houston,129377,41,4,11,Shoes,Sports,10,0
848,Customer_848,31,Male,Los Angeles,90600,52,7,9,Shoes,Fashion,16,0
849,Customer_849,28,Male,New York,42816,50,8,2,Headphones,Sports,12,0
850,Customer_850,48,Female,Los Angeles,74352,50,1,15,Laptop,Electronics,4,0
851,Customer_851,48,Female,Los Angeles,41154,1,8,19,Laptop,Fashion,5,0
852,Customer_852,31,Female,Dallas,110621,62,2,24,Watch,Electronics,4,0
853,Customer_853,52,Female,Dallas,97588,83,1,10,Shoes,Sports,16,0
854,Customer_854,50,Male,Los Angeles,101476,91,6,3,Phone,Fashion,17,0
855,Customer_855,45,Female,New York,27110,48,9,8,Watch,Electronics,9,0
856,Customer_856,53,Male,New York,72381,18,4,7,Headphones,Fashion,2,0
857,Customer_857,64,Male,New York,98691,17,1,14,Watch,Fashion,9,0
858,Customer_858,41,Female,New York,120699,58,9,4,Shoes,Fashion,19,0
859,Customer_859,18,Male,Chicago,53358,10,1,4,Headphones,Fashion,1,1
860,Customer_860,50,Male,Los Angeles,118728,60,2,1,Headphones,Electronics,6,0
861,Customer_861,64,Male,Los Angeles,34114,75,2,2,Watch,Electronics,8,0
862,Customer_862,20,Female,Los Angeles,20646,72,7,26,Watch,Fashion,1,0
863,Customer_863,61,Male,Chicago,80014,26,4,11,Watch,Fashion,11,0
864,Customer_864,58,Male,Chicago,75428,75,4,21,Phone,Electronics,12,0
865,Customer_865,27,Male,Los Angeles,97453,47,6,19,Shoes,Sports,19,0
866,Customer_866,44,Male,Dallas,46523,53,7,1,Watch,Fashion,7,0
867,Customer_867,31,Male,Chicago,69934,99,4,5,Shoes,Electronics,18,0
868,Customer_868,44,Female,New York,79048,21,4,3,Phone,Fashion,13,1
869,Customer_869,25,Female,New York,122841,10,1,13,Laptop,Fashion,8,0
870,Customer_870,35,Female,New York,131333,6,4,15,Headphones,Sports,18,0
871,Customer_871,38,Male,Dallas,33987,99,5,5,Headphones,Fashion,15,0
872,Customer_872,32,Male,Dallas,131243,27,4,24,Watch,Electronics,18,0
873,Customer_873,58,Male,New York,77112,86,3,2,Watch,Electronics,12,0
874,Customer_874,28,Male,Los Angeles,117428,70,8,12,Phone,Electronics,1,0
875,Customer_875,29,Female,Chicago,28376,38,8,28,Phone,Fashion,11,0
876,Customer_876,49,Female,Chicago,117690,27,6,18,Phone,Electronics,9,0
877,Customer_877,30,Female,Dallas,117891,49,5,11,Watch,Electronics,1,0
878,Customer_878,53,Male,Houston,55481,96,2,5,Phone,Fashion,11,0
879,Customer_879,33,Male,Houston,135896,93,6,16,Shoes,Sports,16,0
880,Customer_880,50,Male,Houston,69643,95,8,19,Shoes,Electronics,1,0
881,Customer_881,42,Male,New York,103414,45,6,21,Watch,Sports,19,0
882,Customer_882,33,Male,Chicago,38938,50,7,5,Shoes,Fashion,14,0
883,Customer_883,64,Male,Dallas,32856,56,2,12,Watch,Fashion,12,0
884,Customer_884,33,Female,Chicago,105817,88,7,9,Phone,Sports,4,0
885,Customer_885,18,Male,Los Angeles,100578,54,5,28,Laptop,Electronics,16,0
886,Customer_886,58,Male,Chicago,57690,22,3,3,Headphones,Fashion,8,1
887,Customer_887,50,Female,Houston,107571,21,2,17,Laptop,Electronics,12,0
888,Customer_888,51,Female,Dallas,119548,11,2,1,Phone,Electronics,18,1
889,Customer_889,34,Male,Chicago,99633,69,4,29,Shoes,Fashion,10,0
890,Customer_890,35,Female,Chicago,140436,95,3,28,Headphones,Fashion,18,0
891,Customer_891,63,Female,Los Angeles,35677,35,6,21,Watch,Fashion,18,0
892,Customer_892,21,Male,Houston,134871,78,7,6,Shoes,Fashion,14,0
893,Customer_893,29,Male,New York,59259,44,5,28,Shoes,Fashion,12,0
894,Customer_894,56,Male,Dallas,134380,15,4,5,Phone,Fashion,17,0
895,Customer_895,26,Male,Houston,123505,71,2,16,Laptop,Sports,14,0
896,Customer_896,27,Female,Houston,81044,96,8,27,Headphones,Electronics,5,0
897,Customer_897,46,Male,Chicago,47880,64,2,27,Shoes,Fashion,17,0
898,Customer_898,48,Female,New York,86480,95,5,28,Laptop,Sports,7,0
899,Customer_899,33,Female,Los Angeles,77688,72,5,22,Headphones,Fashion,15,0
900,Customer_900,21,Male,Los Angeles,135689,31,4,24,Watch,Fashion,19,0
901,Customer_901,57,Female,Dallas,81825,89,4,18,Phone,Sports,8,0
902,Customer_902,19,Female,Chicago,66379,72,8,12,Watch,Fashion,5,0
903,Customer_903,21,Male,Dallas,112491,2,7,26,Headphones,Sports,15,0
904,Customer_904,49,Female,Dallas,124240,26,6,7,Phone,Electronics,18,0
905,Customer_905,21,Male,Los Angeles,27368,1,6,11,Shoes,Fashion,14,0
906,Customer_906,52,Male,Los Angeles,144639,60,8,7,Watch,Electronics,4,0
907,Customer_907,23,Male,Chicago,20460,67,8,4,Headphones,Sports,1,0
908,Customer_908,38,Female,New York,109097,70,9,5,Phone,Sports,2,0
909,Customer_909,34,Female,Houston,118677,10,3,29,Shoes,Fashion,13,0
910,Customer_910,28,Male,Chicago,61040,27,3,17,Laptop,Sports,16,0
911,Customer_911,50,Male,Dallas,31206,75,6,24,Phone,Electronics,14,0
912,Customer_912,38,Male,New York,97085,96,1,24,Headphones,Electronics,5,0
913,Customer_913,29,Male,Houston,28374,42,2,14,Laptop,Electronics,16,0
914,Customer_914,43,Male,Chicago,94199,80,6,26,Laptop,Sports,11,0
915,Customer_915,54,Male,Chicago,103383,9,5,6,Watch,Electronics,1,0
916,Customer_916,62,Male,Los Angeles,144902,67,9,10,Laptop,Sports,8,0
917,Customer_917,36,Female,Los Angeles,24446,19,9,17,Phone,Sports,11,0
918,Customer_918,19,Male,Dallas,141984,72,3,9,Headphones,Sports,19,0
919,Customer_919,64,Male,Dallas,130627,15,9,8,Phone,Sports,7,0
920,Customer_920,22,Male,Chicago,37372,53,2,29,Shoes,Sports,8,0
921,Customer_921,31,Male,Los Angeles,45799,86,2,20,Shoes,Fashion,2,0
922,Customer_922,59,Female,New York,143201,95,8,6,Phone,Sports,6,0
923,Customer_923,21,Female,Houston,33413,85,8,4,Headphones,Fashion,5,0
924,Customer_924,56,Male,Houston,82356,79,6,12,Shoes,Fashion,15,0
925,Customer_925,64,Female,Los Angeles,148705,68,9,2,Shoes,Electronics,19,0
926,Customer_926,38,Male,Los Angeles,92114,41,3,8,Laptop,Electronics,13,0
927,Customer_927,59,Male,Los Angeles,47648,33,7,17,Shoes,Electronics,15,0
928,Customer_928,24,Male,Houston,41857,15,1,3,Headphones,Fashion,14,1
929,Customer_929,53,Male,Dallas,63793,85,7,26,Headphones,Sports,18,0
930,Customer_930,56,Male,Chicago,22856,81,5,29,Watch,Fashion,1,0
931,Customer_931,49,Male,Chicago,46481,16,7,16,Shoes,Fashion,7,0
932,Customer_932,49,Male,New York,57299,26,7,18,Watch,Electronics,11,0
933,Customer_933,36,Male,Dallas,59962,92,3,26,Headphones,Fashion,4,0
934,Customer_934,24,Male,Dallas,78181,28,7,8,Headphones,Sports,2,0
935,Customer_935,21,Female,New York,109467,27,6,25,Watch,Sports,14,0
936,Customer_936,20,Male,New York,50267,86,2,10,Shoes,Fashion,10,0
937,Customer_937,62,Male,Dallas,128490,54,8,13,Shoes,Electronics,16,0
938,Customer_938,39,Female,Chicago,117501,59,2,8,Laptop,Electronics,16,0
939,Customer_939,39,Male,Los Angeles,115651,73,2,25,Headphones,Electronics,16,0
940,Customer_940,27,Female,New York,60555,61,5,7,Phone,Fashion,3,0
941,Customer_941,26,Male,Houston,33806,48,1,15,Shoes,Electronics,8,0
942,Customer_942,35,Male,Los Angeles,31962,32,5,6,Shoes,Sports,13,0
943,Customer_943,64,Female,Chicago,140108,70,8,28,Phone,Sports,3,0
944,Customer_944,23,Male,Chicago,61814,27,7,21,Watch,Electronics,19,0
945,Customer_945,40,Male,Los Angeles,131583,39,9,11,Headphones,Fashion,5,0
946,Customer_946,26,Male,Houston,68511,95,3,26,Phone,Fashion,6,0
947,Customer_947,56,Female,Chicago,99274,69,7,13,Phone,Sports,6,0
948,Customer_948,35,Male,Chicago,126019,84,7,6,Watch,Sports,9,0
949,Customer_949,61,Female,Houston,137835,8,5,3,Phone,Fashion,7,1
950,Customer_950,60,Female,Houston,36028,93,1,29,Headphones,Fashion,18,0
951,Customer_951,48,Male,Houston,97648,60,1,2,Phone,Fashion,13,0
952,Customer_952,62,Female,Los Angeles,29126,19,5,11,Headphones,Sports,2,0
953,Customer_953,41,Female,New York,72329,13,6,2,Phone,Electronics,6,1
954,Customer_954,54,Male,Los Angeles,36257,55,9,10,Headphones,Fashion,9,0
955,Customer_955,51,Male,Los Angeles,117385,25,9,20,Watch,Sports,4,0
956,Customer_956,51,Female,New York,121105,73,2,26,Shoes,Electronics,18,0
957,Customer_957,48,Male,New York,35364,30,6,11,Phone,Fashion,3,0
958,Customer_958,32,Male,New York,126941,61,9,25,Shoes,Sports,18,0
959,Customer_959,24,Male,Houston,76107,43,1,12,Shoes,Electronics,2,0
960,Customer_960,44,Male,Dallas,146685,85,4,7,Headphones,Fashion,9,0
961,Customer_961,27,Female,New York,128583,65,6,27,Shoes,Electronics,14,0
962,Customer_962,30,Female,Dallas,92473,18,4,5,Laptop,Sports,2,0
963,Customer_963,28,Female,Los Angeles,49672,26,8,20,Headphones,Sports,17,0
964,Customer_964,43,Female,Dallas,143849,86,8,26,Headphones,Fashion,15,0
965,Customer_965,43,Male,Dallas,70873,7,9,10,Shoes,Sports,12,0
966,Customer_966,36,Female,New York,120307,54,5,10,Headphones,Sports,10,0
967,Customer_967,30,Male,New York,128485,62,1,11,Laptop,Sports,14,0
968,Customer_968,25,Male,Houston,115127,84,8,29,Laptop,Sports,13,0
969,Customer_969,47,Male,Dallas,100008,40,6,3,Laptop,Electronics,6,0
970,Customer_970,55,Male,New York,141633,61,5,11,Watch,Sports,2,0
971,Customer_971,23,Female,Houston,124003,10,6,8,Laptop,Fashion,2,0
972,Customer_972,30,Female,New York,96994,70,7,16,Headphones,Electronics,2,0
973,Customer_973,34,Male,Chicago,66051,47,4,13,Shoes,Electronics,7,0
974,Customer_974,36,Male,Chicago,54395,45,4,16,Watch,Electronics,17,0
975,Customer_975,60,Female,Houston,48286,48,6,5,Watch,Electronics,5,0
976,Customer_976,23,Male,Los Angeles,59930,86,4,6,Laptop,Sports,6,0
977,Customer_977,19,Male,Houston,112462,32,4,9,Headphones,Sports,5,0
978,Customer_978,29,Female,Dallas,108342,67,9,22,Watch,Sports,19,0
979,Customer_979,21,Female,New York,83211,90,8,6,Shoes,Sports,8,0
980,Customer_980,29,Female,Chicago,136958,89,1,29,Headphones,Fashion,10,0
981,Customer_981,29,Female,Houston,122856,54,1,2,Laptop,Electronics,8,0
982,Customer_982,43,Male,Los Angeles,72551,60,1,13,Shoes,Fashion,16,0
983,Customer_983,30,Female,Los Angeles,82958,74,6,27,Watch,Fashion,11,0
984,Customer_984,42,Female,Los Angeles,86789,36,7,4,Laptop,Sports,10,0
985,Customer_985,51,Male,Houston,86247,70,3,21,Phone,Electronics,12,0
986,Customer_986,45,Male,Chicago,130139,61,3,14,Watch,Sports,4,0
987,Customer_987,41,Male,Houston,40699,47,8,13,Watch,Sports,7,0
988,Customer_988,57,Female,Houston,46601,68,1,4,Watch,Fashion,9,0
989,Customer_989,59,Female,Dallas,139878,95,4,5,Headphones,Fashion,12,0
990,Customer_990,42,Female,Dallas,48971,57,8,6,Watch,Fashion,9,0
991,Customer_991,19,Male,New York,28481,84,7,2,Watch,Electronics,11,0
992,Customer_992,55,Female,Chicago,45656,79,5,16,Shoes,Sports,18,0
993,Customer_993,64,Female,Los Angeles,132382,11,1,23,Shoes,Fashion,1,0
994,Customer_994,38,Female,Chicago,129719,52,1,10,Laptop,Sports,14,0
995,Customer_995,18,Female,New York,63407,59,1,19,Watch,Electronics,6,0
996,Customer_996,39,Female,Dallas,119058,1,6,20,Laptop,Fashion,7,0
997,Customer_997,63,Male,Los Angeles,80603,12,2,28,Headphones,Sports,12,0
998,Customer_998,50,Male,Los Angeles,33701,61,8,11,Shoes,Fashion,7,0
999,Customer_999,57,Male,New York,115865,64,3,19,Phone,Fashion,14,0
1000,Customer_1000,19,Female,New York,70147,83,2,2,Phone,Sports,15,0
